{
  "name": "Keep-Alive + Alertas (R1, R2, n8n1, n8n2, self)",
  "nodes": [
    {
      "parameters": {
        "triggerTimes": {
          "item": [
            {
              "mode": "everyX",
              "everyX": 5,
              "unit": "minutes"
            }
          ]
        }
      },
      "id": "Cron",
      "name": "Cron 5min",
      "type": "n8n-nodes-base.cron",
      "typeVersion": 1,
      "position": [
        240,
        320
      ]
    },
    {
      "parameters": {
        "url": "={{$env.PING_RENDER1}}",
        "options": {
          "timeout": 10000,
          "fullResponse": true
        }
      },
      "id": "PingR1",
      "name": "Ping Render1",
      "type": "n8n-nodes-base.httpRequest",
      "typeVersion": 4,
      "position": [
        520,
        100
      ]
    },
    {
      "parameters": {
        "url": "={{$env.PING_RENDER2}}",
        "options": {
          "timeout": 10000,
          "fullResponse": true
        }
      },
      "id": "PingR2",
      "name": "Ping Render2",
      "type": "n8n-nodes-base.httpRequest",
      "typeVersion": 4,
      "position": [
        520,
        180
      ]
    },
    {
      "parameters": {
        "url": "={{$env.PING_N8N1}}",
        "options": {
          "timeout": 10000,
          "fullResponse": true
        }
      },
      "id": "PingN1",
      "name": "Ping n8n1",
      "type": "n8n-nodes-base.httpRequest",
      "typeVersion": 4,
      "position": [
        520,
        260
      ]
    },
    {
      "parameters": {
        "url": "={{$env.PING_N8N2}}",
        "options": {
          "timeout": 10000,
          "fullResponse": true
        }
      },
      "id": "PingN2",
      "name": "Ping n8n2",
      "type": "n8n-nodes-base.httpRequest",
      "typeVersion": 4,
      "position": [
        520,
        340
      ]
    },
    {
      "parameters": {
        "url": "={{$env.PING_SELF}}",
        "options": {
          "timeout": 10000,
          "fullResponse": true
        }
      },
      "id": "PingSelf",
      "name": "Ping n8n3 (self)",
      "type": "n8n-nodes-base.httpRequest",
      "typeVersion": 4,
      "position": [
        520,
        420
      ]
    },
    {
      "parameters": {
        "functionCode": "\n// Agrega resultados e atualiza contadores persistentes\nconst global = $getWorkflowStaticData('global');\n\nfunction isOk(item) {\n  const s = item?.statusCode;\n  return Number(s) >= 200 && Number(s) < 300;\n}\n\nfunction update(name, ok) {\n  const now = new Date().toISOString();\n  const st = global[name] || { fails: 0, last: null, down: false };\n  if (ok) {\n    const recovered = st.down === true;\n    st.fails = 0;\n    st.down = false;\n    st.last = now;\n    global[name] = st;\n    return { name, ok: true, recovered };\n  } else {\n    st.fails = (st.fails || 0) + 1;\n    st.last = now;\n    if (st.fails >= 2) st.down = true;\n    global[name] = st;\n    return { name, ok: false, fails: st.fails, down: st.down };\n  }\n}\n\nconst r1 = $items('Ping Render1', 0, 0)[0]?.json || null;\nconst r2 = $items('Ping Render2', 0, 0)[0]?.json || null;\nconst n1 = $items('Ping n8n1', 0, 0)[0]?.json || null;\nconst n2 = $items('Ping n8n2', 0, 0)[0]?.json || null;\nconst me = $items('Ping n8n3 (self)', 0, 0)[0]?.json || null;\n\nconst results = [];\nresults.push({ target:'Render1', status: r1?.statusCode, ok: isOk(r1) });\nresults.push({ target:'Render2', status: r2?.statusCode, ok: isOk(r2) });\nresults.push({ target:'n8n1', status: n1?.statusCode, ok: isOk(n1) });\nresults.push({ target:'n8n2', status: n2?.statusCode, ok: isOk(n2) });\nresults.push({ target:'n8n3', status: me?.statusCode, ok: isOk(me) });\n\nconst decisions = results.map(x => ({\n  target: x.target,\n  state: update(x.target, x.ok),\n  status: x.status\n}));\n\nreturn [{ json: { time: new Date().toISOString(), results, decisions } }];\n"
      },
      "id": "Aggregate",
      "name": "Agrega + Contadores",
      "type": "n8n-nodes-base.function",
      "typeVersion": 2,
      "position": [
        760,
        260
      ]
    },
    {
      "parameters": {
        "functionCode": "const decisions = $json.decisions || [];\nconst down = decisions.filter(d => d.state.down === true && d.state.ok === false);\nconst recovered = decisions.filter(d => d.state.recovered === true);\nreturn [\n  { json: { alert: down } },\n  { json: { recovered } }\n];"
      },
      "id": "Split",
      "name": "Split: down vs recovered",
      "type": "n8n-nodes-base.function",
      "typeVersion": 2,
      "position": [
        980,
        260
      ]
    },
    {
      "parameters": {
        "functionCode": "const items = ($json.alert || []);\nif (!items.length) return [];\nconst ts = new Date().toLocaleString();\nlet msg = `⚠️ Miguel: serviço fora do ar`;\nfor (const it of items) {\n  msg += `\\n• ${it.target} (status: ${it.status || 'sem resposta'})`;\n}\nmsg += `\\nQuando: ${ts}`;\nreturn [{ json: { text: msg, chatId: $env.TELEGRAM_ALERT_CHAT_ID } }];"
      },
      "id": "FmtAlert",
      "name": "Formatar Alerta",
      "type": "n8n-nodes-base.function",
      "typeVersion": 2,
      "position": [
        1200,
        180
      ]
    },
    {
      "parameters": {
        "chatId": "={{$json.chatId}}",
        "text": "={{$json.text}}"
      },
      "id": "SendAlert",
      "name": "Telegram → Enviar Alerta",
      "type": "n8n-nodes-base.telegram",
      "typeVersion": 1,
      "position": [
        1420,
        180
      ],
      "credentials": {
        "telegramApi": {
          "id": "__SET_IN_UI__",
          "name": "Telegram API"
        }
      }
    },
    {
      "parameters": {
        "functionCode": "const items = ($json.recovered || []);\nif (!items.length) return [];\nconst ts = new Date().toLocaleString();\nlet msg = `✅ Miguel: serviço voltou`;\nfor (const it of items) {\n  msg += `\\n• ${it.target}`;\n}\nmsg += `\\nQuando: ${ts}`;\nreturn [{ json: { text: msg, chatId: $env.TELEGRAM_ALERT_CHAT_ID } }];"
      },
      "id": "FmtOk",
      "name": "Formatar Recuperou",
      "type": "n8n-nodes-base.function",
      "typeVersion": 2,
      "position": [
        1200,
        360
      ]
    },
    {
      "parameters": {
        "chatId": "={{$json.chatId}}",
        "text": "={{$json.text}}"
      },
      "id": "SendOk",
      "name": "Telegram → Enviar Recuperou",
      "type": "n8n-nodes-base.telegram",
      "typeVersion": 1,
      "position": [
        1420,
        360
      ],
      "credentials": {
        "telegramApi": {
          "id": "__SET_IN_UI__",
          "name": "Telegram API"
        }
      }
    }
  ],
  "connections": {
    "Cron 5min": {
      "main": [
        [
          {
            "node": "Ping Render1",
            "type": "main",
            "index": 0
          },
          {
            "node": "Ping Render2",
            "type": "main",
            "index": 0
          },
          {
            "node": "Ping n8n1",
            "type": "main",
            "index": 0
          },
          {
            "node": "Ping n8n2",
            "type": "main",
            "index": 0
          },
          {
            "node": "Ping n8n3 (self)",
            "type": "main",
            "index": 0
          }
        ]
      ]
    },
    "Ping Render1": {
      "main": [
        [
          {
            "node": "Agrega + Contadores",
            "type": "main",
            "index": 0
          }
        ]
      ]
    },
    "Ping Render2": {
      "main": [
        [
          {
            "node": "Agrega + Contadores",
            "type": "main",
            "index": 0
          }
        ]
      ]
    },
    "Ping n8n1": {
      "main": [
        [
          {
            "node": "Agrega + Contadores",
            "type": "main",
            "index": 0
          }
        ]
      ]
    },
    "Ping n8n2": {
      "main": [
        [
          {
            "node": "Agrega + Contadores",
            "type": "main",
            "index": 0
          }
        ]
      ]
    },
    "Ping n8n3 (self)": {
      "main": [
        [
          {
            "node": "Agrega + Contadores",
            "type": "main",
            "index": 0
          }
        ]
      ]
    },
    "Agrega + Contadores": {
      "main": [
        [
          {
            "node": "Split: down vs recovered",
            "type": "main",
            "index": 0
          }
        ]
      ]
    },
    "Split: down vs recovered": {
      "main": [
        [
          {
            "node": "Formatar Alerta",
            "type": "main",
            "index": 0
          }
        ],
        [
          {
            "node": "Formatar Recuperou",
            "type": "main",
            "index": 0
          }
        ]
      ]
    },
    "Formatar Alerta": {
      "main": [
        [
          {
            "node": "Telegram → Enviar Alerta",
            "type": "main",
            "index": 0
          }
        ]
      ]
    },
    "Formatar Recuperou": {
      "main": [
        [
          {
            "node": "Telegram → Enviar Recuperou",
            "type": "main",
            "index": 0
          }
        ]
      ]
    }
  },
  "active": true
}